original,recommended,recommended by random,similarity,similarity to random
Billionaire - Travie McCoy feat. Bruno Mars,,,0,0
Price Tag (Prod. By Dr. Luke) (CDQ) ( 2o1o ) [ www.MzHipHop.com ] - Jessie J Feat. B.o.B,Freaky Like Me (Dj.D.Style Edit) {86 BPM} - Madcon Feat. Ameerah,Hollow (DJ Mustard Rmx) (Kutt Edit) - Tori Kelly ft Big Sean,0.974923333,0.358331667
Baby Boy - Beyonce Feat. Sean Paul,Rock 'N' Roll Break - Dj Spenz,Used To (DIRTY) (Kutt Edit) - Trey Songz,0.919136667,0.910743333
Beyonce Knowles ft. Jay-Z - Crazy In Love - 057,Hit Me Baby One More Time - Britney Spears,Bad Blood - DJ Bravo Remix - Taylor Swift ft. Kendrick Lamar,0.895236667,0.928938333
Hermetico (SpenzatioN) - Balkan Beat Box,Got 2 Luv U - Sean Paul Ft. Alexis Jordan,The_Goodfellas_About_You_Drum_Edit - The_Goodfellas_Trey_Songz,1.850003333,0.9833
Gasolina (Mini-mAn Power) - Daddy Yankee,La Nueva Y La Ex - Daddy Yankee, Feel This Moment (Jump Smokers Extended Mix) - ♪♫•*¨*•.♪♫<<<~WELCOME~TO~THE~CLUB~<<< ♪♫•*¨*•.♪♫,1.483313333,0.466683333
"El Tiki - Flaco Flow & Melanina, Big Mancilla",Ain't it funny - Jeniffer Lopez,Dembow (CK Intro - Clean) - Yandel,0.95268,1.883328333
Bailando (www.Only-Music.co.il) - Enrique Iglesias feat. Sean Paul,Li Li Lies - DIANA KING,This Is What You Came For (100-124 Transition) (Kutt Edit) - Calvin Harris & Rihanna,0.883385,0.449996667
The Monster (DJ Tzealon Dancehall Remix) - Rihanna Vs. Specialist,Who Am I (What's My Name)? - Various,Tagid Li (kingmusichouse.blogspot.com) - So,0.863716667,0.500016667
Limbo - Daddy Yankee,תנו לו גמבה (Feat. Tact Family) - Dj Spenz,"What Does This Button Do (Original Mix) - Wolfpack, Aarow",0.583233333,0.950083333
Timber - Pitbull Feat. Ke$ha,S I R (Shake It Right)[DJ Ron Margan Extended].mp3 - DJ Rapture Feat Lil Kee,Lovers On The Sun ft. Sam Martin (Radio Edit) www.Only-Music.co.il - David Guetta,0.51665,0.916666667
Starships (Prod. By RedOne) - Nicki Minaj,Get Out Of Your Mind (Tomer W Extended Mix)(100 BPM) - Lil' Jon Feat. LMFAO,Blast Off (Original Mix) - David Guetta & Kaz James,0.583316667,0.95005
The Nights [Original Mix] [http://vk.com/newfreshmusicufa] - Avicii,Get Out Of Your Mind (Tomer W Extended Mix)(100 BPM) - Lil' Jon Feat. LMFAO,Lie To Me (R3hab Remix) - Cole Plante & Myon & Shane 54 Feat. Koko Laroo,0.56655,0.966783333
Waiting For Tiger Love (DJ CAL Bootleg) - Avicii ft John Legend vs R3hab,םיאבכ ףלא - ןיזנב,Lie To Me (R3hab Remix) - Cole Plante & Myon & Shane 54 Feat. Koko Laroo,0.947783333,1
Rambo Love It (#RAGE EDIT) - Deorro x J-Trick x Icona Pop,Fun (Damaged Goods Remix) - Pitbull Feat. Chris Brown,)mix club(לבנרק - gezz yaniv ft soulkey,1.96665,0.966666667
I Love Sax (Icona Pop vs Lucky Date vs Tujamo Surprise Banger) - Anthem Kingz,Fun (Damaged Goods Remix) - Pitbull Feat. Chris Brown,)mix club(לבנרק - gezz yaniv ft soulkey,0.966633333,0.966683333
How Deep Is Your Love (Hands Up Mash) (Clean) - Calvin Harris vs Ummet Ozcan,CoCo (Mike Candys Remix / Dirty) - O.T. Genasis,Hit It ( 2o11 )  - Chris Brown,0.999933333,1.1167
Show Me (Intro - Dirty) - Sammie ft Ying Yang Twins,CoCo (Mike Candys Remix / Dirty) - O.T. Genasis,I Love Rock 'n Roll - Joan Jett,0.5667,0
Loyal Bitch Better Have My Money (DJ Kontrol Blend / Dirty) - Rihanna x Chris Brown,Blood Is Pumpin (R3hab's Ultra 2013 Peak Hour Anthem) - Anthem Kingz,I Love Rock 'n Roll - Joan Jett,0.583333333,0
Lean On (BrainDeaD's Booty Bootleg) - Major Lazer & Dj Snake,Blood Is Pumpin (R3hab's Ultra 2013 Peak Hour Anthem) - Anthem Kingz,Work - Iggy Azalea,0.56665,0.36665
Roll (BrainDeaD's Booty Edit) - Johnny Roxx x Melloquence x Alison Hinds,Grace Kelly - Mika,דצל דצמ זוז - שארל שולשו יול ימומ,0.762183333,0.8169
Get Ugly (DIRTY) (No Transition) [VM EDIT] - Jason DeRulo,Blood Is Pumpin (R3hab's Ultra 2013 Peak Hour Anthem) - Anthem Kingz,Double Up (Ft. Snoop Dogg) - R. Kelly,0.716666667,1.566683333
Hey Ya - Sean Paul,Que Tengo Que Hacer - Daddy Yankee,Royals (DJ Kobi M Fucking Rework) - Lorde Ft. Caked Up,0.966633333,0.833311667
Uptown Funk - Mark Ronson Feat Bruno Mars,קיפסמ אל - שחנ גדה,What a feeling (with Irene car...) - DJ BOBO,0.916683333,0.74985
Play Hard (DJ OneF Intro) - David Guetta Ft. Ne-Yo & Akon,ונממ תכלה המל - דדח תירש םע סקפיט,We Found Love (Inout Sax Remix)  - Rihanna Feat. Calvin Harris,0.673,0.966666667
Shot Me Down ( 2o14 ) [ www.MzHipHop.com ] - David Guetta Feat. Skylar Grey,La La La (Ben Bass Re-Edit) 112 - Auburn Ft. Iyaz,Eye Of The Tiger 2014 (Kingz vs Tarantino Bootleg) - Anthem Kingz,0.73315,0.999983333
"Bang My Head (GLOWINTHEDARK Remix) - David Guetta, Sia",תיב הל הנבו השא ךל חק - םיהובגה תונולחה,Tear Down The Club (Original Mix) - Slin Project & Christopher S feat. Tommy Clint,0.756966667,0.999983333
John Legend - All Of Me (Tiesto Electro Boost) - Jerry Wallis,Suit & Tie (Kingz vs Firebeatz Mainstage Bootleg) - Anthem Kingz,Head - Lutron & Mob,0.99845,0.86665
Ayy Ladies (Transition 130 to 96 Bpm) - Travis Porter,Suit & Tie (Kingz vs Firebeatz Mainstage Bootleg) - Anthem Kingz,םיקוקיז - ץרפ השמ,0.468218333,0
Shirt Control (BrainDeaD's Booty Bootleg).mp3 - T Pain VS Mr Carmack,Dark Horse (Tommy Tunez 'Big Foot' Edit) - Katy Perry Ft Juicy J,Don't Forget Where You Belong - One Direction,0.433398333,0.966651667
Im Into You (Dj.D.Style & X-Mix Extended) {94 BPM} - Jennifer Lopez F Lil' Wayne,Dark Horse (Tommy Tunez 'Big Foot' Edit) - Katy Perry Ft Juicy J,Cool For The Summer (Jump Smokers Remix) (Extended) (Dirty) - Demi Lovato,0.43338,0.466646667
Birthday' (Mordye More!) -100- - Will.I.Am Feat. Cody Wise,LONG - LIL JON ft TYGA - BEND OVA ((D&E TRANS 128-103)) - DIRTY,Stay (Radio Mix) - Kygo Feat. Maty Noyes,0.789031667,0.833335
Twerk It Like Miley (DJ Kobi M ShortCut Power Edit) - Brandon Beal ft. Christopher,Dark Horse (Tommy Tunez 'Big Foot' Edit) - Katy Perry Ft Juicy J,"Bump,-Bump,-Bump  - B2Kfeaturing-P.-Diddy",0.566733333,0.892016667
Gyal You A Party Animal (DJ Ron Margan Extended Mix) - Charly Black,"This Ones For You (Official Song UEFA EURO 2016) - David Guetta, Zara Larsson",Eye Of The Needle - Sia,0.85,0.51666
Daddy Yankee - Sigueme Y Te Sigo (Extended Mix) Dj Federico Alochis - Daddy Yankee,MENTIROSA - RAFAGA,Stuck On Stupid (Prod. By Brian Kennedy) ( 2o12 )  - Chris Brown,0.989066667,0.699983333
Policeman - Eva Simons ft. Konshens,Que Tengo Que Hacer - Daddy Yankee,Tonight ( 2o1o ) - Enrique Iglesias Feat. Ludacris,0.95005,0.649683333
Encore Numb (DJ Tzealon Twerk Remix) - Linkin Park & Jay Z ,Que Tengo Que Hacer - Daddy Yankee,Tonight Belongs To U! (Afrojack Remix) - Jeremih,0.9167,0.549983333
Na na (DJ Tzealon) Dancehall Remix - Trey Songz,Dancefloor Champion (BrainDeaD's Booty Edit) - Yellow Claw & Yung Felix,One Leg Up (Dirty) - D-Mac,0.950016667,0.883366667
CHEERLEADER (DJ Tzealon Dancehall Remix) [Mastered] - OMI ,Dancefloor Champion (BrainDeaD's Booty Edit) - Yellow Claw & Yung Felix,Jameia (Dj Asher & ScreeN Remix) - Antonia,1,0.5
Sugar (Anthem Kingz Remix) CK Cut Clean - Maroon 5,Que Tengo Que Hacer - Daddy Yankee,Hard Out Here - Lily Allen,0.6666,0
Runaway (U & I) (East & Young Remix) - Galantis,Que Tengo Que Hacer - Daddy Yankee,Hear Me Coming' (Mordye More!) -100- - Yung Joc,0.699966667,0.566636667
Rude - Zedd Remix - Magic!,Wannabe - Spice Girls,Macarena (BrainDeaD's Booty Bootleg Edit) - Duvoh & Whyel VS Los Del Rio,0.667366667,0.666483333
Right Now (Dyro Club Mix)  // [www.edmeXQlusiv.com] - Rihanna (feat David Guetta),Kama Sutra' (Mordye More!) -100- - Jason Derulo Feat. Kid Ink,Naked Love (Prod. By Benny Blanco) (CDQ) (2012)  - Adam Lambert,0.499915,0.833316667
"Feel So Close (Deville 2015 Headliner Bootleg) Clean - Calvin Harris, Tiesto, KSHMR, Autoerotique, Max Styler","This Ones For You (Official Song UEFA EURO 2016) - David Guetta, Zara Larsson",Bouncer (Original Mix) - Showtek & Ookay,0.700016667,0.366683333
,,,0.831953992,0.741234806
